url,title,text,date,char_count
https://www.thairath.co.th/news/foreign/2932377,ผอ. WHO ชี้ ไม่พบสัญญาณ การระบาดใหญ่ของไวรัสฮันตา Logo Thairath สมาชิก ค้นหา,"ผอ.องค์การอนามัยโลกยืนยันว่า ขณะนี้ยังไม่พบสัญญาณการระบาดเป็นวงกว้างของไวรัสฮันตา หลังอพยพผู้โดยสารจากเรือสำราญที่เกิดการระบาดครบทุกคนแล้ว แต่เตือนว่าสถานการณ์อาจเปลี่ยนแปลงได้ เมื่อ 12 พ.ค. 2569 ดร.เทดรอส อัดฮานอม เกเบรเยซุส ผู้อำนวยการองค์การอนามัยโลก (WHO) ยืนยันว่า ตอนนี้ยัง “ไม่มีสัญญาณ” ของการระบาดของไวรัสฮันตาในวงกว้าง หลังจากการอพยพผู้โดยสารกลุ่มสุดท้ายออกจากเรือสำราญที่เผชิญกับการแพร่ระบาดของโรคเสร็จสิ้น อย่างไรก็ตาม ดร.เกเบรเยซุสเตือนว่า “สถานการณ์อาจเปลี่ยนแปลงได้” และอาจยังคงมีผู้ติดเชื้อที่ได้รับการยืนยันเพิ่มขึ้น “แน่นอนว่าสถานการณ์สามารถเปลี่ยนแปลงได้ และเมื่อพิจารณาจากระยะฟักตัวที่ยาวนานของไวรัส จึงเป็นไปได้ที่เราอาจจะพบผู้ติดเชื้อเพิ่มขึ้นในสัปดาห์ต่อ ๆ ไป” นอกจากนี้เขายังย้ำว่า “ภารกิจของเรายังไม่สิ้นสุด” ในการควบคุมการระบาดที่เกิดขึ้นจากเรือสำราญลำนี้ ด้านเรือสำราญ “เอ็มวี ฮอนดิอุส” (MV Hondius) ซึ่งเกิดการระบาด เดินทางออกจากเกาะเตเนริเฟของสเปนเมื่อวันจันทร์ และกำลังมุ่งหน้าไปยังท่าเรือร็อตเตอร์ดัมในเนเธอร์แลนด์ โดยเมื่อวันอังคารที่ผ่านมา เครื่องบินสองลำพร้อมผู้โดยสารกลุ่มสุดท้ายจำนวน 28 คน เพิ่งเดินทางถึงเมืองไอนด์โฮเฟนซึ่งอยู่ใกล้เคียงกัน การระบาดที่เกิดขึ้นทำให้มีผู้เสียชีวิตแล้ว 3 ศพ ขณะที่ชาวอเมริกันหนึ่งรายและชาวฝรั่งเศสหนึ่งรายซึ่งเดินทางกลับประเทศไปก่อนหน้านี้มีผลตรวจเชื้อเป็นบวก โดยรวมแล้วมีผู้ติดเชื้อที่ได้รับการยืนยันทั้งหมด 7 ราย ขณะเดียวกัน พนักงาน 12 คนของโรงพยาบาลแห่งหนึ่งในเนเธอร์แลนด์ ต้องเข้ารับการกักตัวเนื่องจากอาจสัมผัสกับไวรัส เพราะพนักงานไม่ได้ปฏิบัติตามขั้นตอนที่เคร่งครัดในขณะจัดการกับตัวอย่างเลือดและปัสสาวะของผู้ต้องสงสัยว่าติดเชื้อ อนึ่ง ตามปกติแล้ว ไวรัสฮันตามีสัตว์จำพวกหนูเป็นพาหะ แต่สามารถแพร่จากคนสู่คนได้หากเป็นเชื้อสายพันธุ์ “แอนดีส” อย่างไรก็ตาม เจ้าหน้าที่ของ WHO ยืนยันมาตลอดว่า ความเสี่ยงที่จะเกิดการระบาดครั้งใหญ่นั้นยังอยู่ในระดับที่ต่ำมาก อาการของผู้ติดเชื้อ อาจรวมถึงอาการไข้, เหนื่อยล้าอย่างรุนแรง, ปวดเมื่อยกล้ามเนื้อ, ปวดท้อง, อาเจียน, ท้องเสีย และหายใจลำบาก ติดตามข่าวต่างประเทศ : https://www.thairath.co.th/news/foreign",,1907
https://www.thairath.co.th/news/local/bangkok/2932446,ราชกิจจาฯ ประกาศ 8 พื้นที่ ห้ามขาย-ดื่ม เหล้าเบียร์ มีผลตั้งแต่วันนี้ Logo Thairath สมาชิก ค้นหา,เว็บไซต์ราชกิจจานุเบกษา ออกประกาศกำหนด 8 พื้นที่ห้ามขาย-ดื่ม เหล้าเบียร์ ยกเว้นบริเวณที่จัดไว้ มีผลบังคับใช้ตั้งแต่วันนี้ ผู้สื่อข่าวรายงานว่า เว็บไซต์ราชกิจจานุเบกษา เผยแพร่ประกาศคณะกรรมการควบคุมเครื่องดื่มแอลกอฮอล์ เรื่องกำหนดสถานที่หรือบริเวณห้ามขายหรือบริโภคเครื่องดื่มแอลกอฮอล์ รวม 8 สถานที่ มีผลบังคับใช้ตั้งแต่วันนี้ 1. ห้ามผู้ใดขายเครื่องดื่มแอลกอฮอล์บนทาง หรือบนรถ หรือในรถที่อยู่บนทาง และห้ามผู้ใดบริโภคเครื่องดื่มแอลกอฮอล์บนทาง ในขณะขับขี่ หรือในขณะโดยสารอยู่ในรถหรือบนรถ 2. ห้ามผู้ใดขายเครื่องดื่มแอลกอฮอล์ในสถานที่หรือบริเวณของรัฐวิสาหกิจ และหน่วยงานอื่นของรัฐ ยกเว้นบริเวณที่จัดไว้เป็นร้านค้า หรือสโมสร และ ห้ามผู้ใดบริโภคเครื่องดื่มแอลกอฮอล์ในสถานที่หรือบริเวณของรัฐวิสาหกิจ และหน่วยงานอื่นของรัฐ ยกเว้นบริเวณที่จัดไว้เป็นที่พักส่วนบุคคล หรือสโมสร หรือการจัดเลี้ยงตามประเพณี (ประกาศนี้ไม่ใช้บังคับกับองค์การสุรา) 3. ห้ามผู้ใดขายหรือบริโภคเครื่องดื่มแอลกอฮอล์ในบริเวณท่าเรือโดยสารสาธารณะ หรือบนเรือโดยสารสาธารณะประจำทาง 4. ห้ามผู้ใดขายหรือบริโภคเครื่องดื่มแอลกอฮอล์ในบริเวณสถานีขนส่งตามกฎหมายว่าด้วยการขนส่งทางบก 5. ห้ามผู้ใดขายหรือบริโภคเครื่องดื่มแอลกอฮอล์ในพื้นที่ประกอบกิจการโรงงาน ตามกฎหมายว่าด้วยโรงงาน (ไม่ใช้บังคับกับโรงงานผลิตเครื่องดื่มแอลกอฮอล์) 6. ห้ามผู้ใดขายเครื่องดื่มแอลกอฮอล์ในพื้นที่ที่อยู่ในการกำกับดูแลและใช้ประโยชน์ของราชการ รัฐวิสาหกิจ หรือหน่วยงานของรัฐ ยกเว้นบริเวณที่จัดไว้เป็นร้านค้า หรือสโมสร และห้ามผู้ใดบริโภคเครื่องดื่มแอลกอฮอล์ในพื้นที่ที่อยู่ในการกำกับดูแลและใช้ประโยชน์ของราชการ รัฐวิสาหกิจ หรือหน่วยงานของรัฐ ยกเว้นที่พักส่วนบุคคล หรือสโมสร หรือการจัดเลี้ยงตามประเพณี 7. ห้ามผู้ใดขายหรือบริโภคเครื่องดื่มแอลกอฮอล์ในสวนสาธารณะของรัฐวิสาหกิจ หรือหน่วยงานอื่นของรัฐที่จัดไว้เพื่อการพักผ่อนของประชาชนโดยทั่วไป 8. ห้ามผู้ใดขายหรือบริโภคเครื่องดื่มแอลกอฮอล์ ในบริเวณสถานีรถไฟ หรือในขบวนรถที่อยู่บนทางรถไฟตามกฎหมายว่าด้วยการจัดวางการรถไฟและทางหลวง ยกเว้นบริเวณที่จัดไว้สำหรับการจัดกิจกรรมพิเศษในโถงสถานีกรุงเทพ (ห้องปรับอากาศ) ภายในสถานีรถไฟกรุงเทพ ที่มีการคัดกรองและมาตรการที่จำเป็นเพื่อการรักษาความสงบเรียบร้อยของสังคม ความปลอดภัยของประชาชน และการจำกัดการเข้าถึงเครื่องดื่มแอลกอฮอล์ของเด็กและเยาวชน โดยได้รับอนุญาตจากรัฐมนตรีว่าการกระทรวงสาธารณสุข สำหรับการจัดกิจกรรมในครั้งนั้น,,2121
https://www.thairath.co.th/news/foreign/2932436,ผอ.เอฟบีไอ โต้เดือดกลางที่ประชุมวุฒิสภา หลังถูกกล่าวหาว่าดื่มหนักระหว่างปฏิบัติหน้าที่ Logo Thairath สมาชิก ค้นหา,ผอ.เอฟบีไอ โต้เดือดกลางที่ประชุมวุฒิสภา หลังถูกกล่าวหาว่าดื่มหนักระหว่างปฏิบัติหน้าที่ ถึงขั้นบางครั้งลูกน้องไม่สามารถติดต่อได้ ซัด ส.ว.เดโมแครตกล่าวหาไร้หลักฐาน วันที่ 12 พฤษภาคม 2569 นายคาช พาเทล ผู้อำนวยการสำนักงานสอบสวนกลางสหรัฐฯ หรือเอฟบีไอ โต้เดือดกลางที่ประชุมวุฒิสภา หลังถูกสมาชิกพรรคเดโมแครตกล่าวหาว่าดื่มแอลกอฮอล์หนักระหว่างปฏิบัติหน้าที่ และบางครั้งลูกน้องไม่สามารถติดต่อได้ โดยยืนยันว่าเป็นข้อกล่าวหาไร้หลักฐานที่ไม่เป็นความจริงโดยสิ้นเชิง รายงานข่าวระบุว่า นายพาเทลได้เข้าให้ข้อมูลระหว่างการไต่สวนงบประมาณประจำปีของวุฒิสภาสหรัฐฯ เมื่อวันที่ 13 พฤษภาคม เพื่อชี้แจงกรณีที่ส.ว.คริส แวน ฮอลเลน จากพรรคเดโมแครต อ้างถึงบทความของนิตยสาร ดิแอตแลนติก ที่ตีแผ่ภาพลักษณ์ด้านลบของพาเทลในการบริหารเอฟบีไอ โดยนายพาเทลตอบโต้ด้วยอารมณ์ฉุนเฉียวพร้อมกล่าวว่าจะไม่ยอมให้ใครมาทำลายชื่อเสียงด้วยข้อกล่าวหาไร้มูล ก่อนที่จะตะโกนขัดจังหวะ ส.ว.แวน ฮอลเลน ระหว่างการซักถาม นอกจากนี้ เขายังย้อนโจมตีฝ่ายเดโมแครต โดยกล่าวหาแวน ฮอลเลนว่าเคยนั่งดื่มมาร์การิตา ในเอลซัลวาดอร์ อ้างอิงถึงกรณีที่เขาเดินทางไปเยี่ยมผู้ต้องขังรายหนึ่งเมื่อปีที่ผ่านมา ด้าน นิตยสาร ดิแอตแลนติก ยืนยันว่ารายงานข่าวมีความถูกต้อง พร้อมประกาศจะต่อสู้คดีอย่างเต็มที่ หลังพาเทลยื่นฟ้องฐานหมิ่นประมาท ทั้งนี้ การปะทะคารมครั้งนี้เกิดขึ้นก่อนเข้าสู่การเลือกตั้งกลางเทอม ซึ่งประเด็นความโปร่งใสและความน่าเชื่อถือของหน่วยงานความมั่นคง กลายเป็นอีกหนึ่งหัวข้อสำคัญในการโจมตีกันระหว่างสองพรรคใหญ่ของสหรัฐฯ.,,1350
https://www.thairath.co.th/news/local/northeast/2932077,ชาวบ้านบุกโรงงานสารเคมี จ.ขอนแก่น ร้องตรวจสอบปมปล่อยน้ำเสีย ลงสู่ที่นา นานกว่า 4 ปี Logo Thairath สมาชิก ค้นหา,"ขอนแก่น ชาวบ้านบุกโรงงานขายสารเคมี ท้าทุกหน่วยงานพิสูจน์ความจริง หลังต่อสู้กับน้ำเสียมานานกว่า 4 ปี วอนทุกหน่วยงานจริงใจแก้ไขปัญหา สิ่งแวดล้อมจังหวัดฯ พบน้ำซึมออกไปนอกโรงงาน ส่งผลกระทบต่อพื้นที่การเกษตรของชาวบ้านโดยรอบเมื่อเวลา 10.00 น.วันที่ 11 พฤษภาคม 2569 บนถนนหน้าบริษัทเคมีภัณฑ์ทางอุตสาหกรรมแห่งหนึ่ง ในพื้นที่ ต.หนองโก อ.กระนวน จ.ขอนแก่น มีนายบัญชา ไชยชาติ อายุ 51 ปี ผู้ใหญ่บ้าน บ้านหนองโกใหม่ ม.17 ต.หนองโก อ.กระนวน จ.ขอนแก่น นำชาวบ้านถือป้ายไม่เอาโรงงานสารเคมี ไม่เอาเยียวยา ให้ย้ายโรงงานออกนอกพื้นที่ จากนั้นชาวบ้านบุกเข้าไปในพื้นที่โรงงานขอตรวจสอบ สาเหตุที่โรงงานปล่อยน้ำเสีย ลงสู่ที่นาชาวบ้าน จนชาวบ้านทำนาได้ข้าวน้อย ต้องซื้อข้าวกิน ฤดูทำนาปีมาถึงแล้ว โรงงานไม่แก้ไข ชาวบ้านเรียกร้องให้ปิดโรงงานนายบัญชา กล่าวว่า การเดินขบวน ขับไล่โรงงานย้ายออกนอกพื้นที่ครั้งนี้ ไม่ใช่กลั่นแกล้ง แต่เพราะเหลือทนกับโรงงานแห่งนี้ เนื่องจากจุดที่ตั้งโรงงานนั้น เมื่อก่อนเป็นเต็นท์ขายรถยนต์มือสอง ต่อมาในปี 2562 ได้เปลี่ยนเป็นโรงงานผลิตสารเคมีและจำหน่ายสารเคมี จากนั้นความเดือดร้อนก็มาสู่ชาวบ้าน เพราะที่ตั้งโรงงาน อยู่ทางด้านทิศตะวันตกของหมู่บ้าน เมื่อน้ำเสียจากโรงงานไหลลงสู่ที่นาของชาวบ้าน นาข้าวก็ตาย จากในอดีตที่ชาวบ้านเคยทำนาได้ข้าวหลายกระสอบ แต่เมื่อ 3-4 ปีที่ผ่านมา ชาวบ้านทำนาได้ข้าวไม่ถึง 10 กระสอบชาวบ้านเคยร้องเรียนหน่วยงานที่เกี่ยวข้องทั้งระดับตำบล อำเภอ และจังหวัดไปหลายครั้ง ร้องทุกๆปี แต่ไม่ได้รับการแก้ไข ชาวบ้านจึงร้องเรียนไปยังสำนักนายกรัฐมนตรี และเข้าร้องเรียนกับ สส.พรรคกล้าธรรม ที่เป็นตัวแทนของชาวบ้าน ให้เข้ามาตรวจสอบพื้นที่โรงงาน ว่ามีข้อบกพร่องหรือมีการสร้างความเสียหายให้ประชาชนจริงหรือไม่ที่ผ่านมา เมื่อชาวบ้านร้องเรียน หน่วยงานที่เกี่ยวข้องลงพื้นที่มาตรวจสอบจริง แต่ไม่ได้รับการแก้ไข เพราะที่นาที่ชาวบ้านทำนานั้น เป็นอู่ข้าว อู้น้ำที่ชาวบ้าน ทำนาเลี้ยงครอบครัวมาตั้งแต่ในอดีต แต่พอมีโรงงานสารเคมีมาตั้งในพื้นที่ ก็มาสร้างความเสียหายให้และไม่มีการดูแลหรือเยียวยาใด ๆ ให้ชาวบ้าน เมื่อชาวบ้านสุดทนก็เข้าร้องเรียนกับ สส.ให้มาตรวจสอบชาวบ้านได้เสนอข้อร้องเรียนต่อโรงงานและหน่วยงานที่เกี่ยวข้อง หากการตรวจสอบครั้งนี้ลุล่วง ไม่ต้องจ่ายเงินเยียวยาก็ได้ แต่ต้องปฏิบัติตามข้อเรียกร้องทั้งหมด 4 ข้อ1.มีบ่อบำบัดน้ำเสียที่มีคุณภาพ 2.ห้ามปล่อยน้ำเสียลงสู่ที่นาชาวบ้าน 3.ดูแลสภาพดินที่เสียหายให้กลับมาทำนาข้าวได้ และ 4.แก้ไขสภาพโดยรวมให้ชาวบ้านกลับมาทำนาปลูกข้าวได้อีก ถ้าทำไม่ได้ ก็ให้ปิดโรงงานทางด้านนายคำสิงห์ อายุ 62 ปี 1 ในชาวบ้านที่ถูกน้ำเสียจากโรงงานสารเคมี ไหลลงสู่พื้นที่นา กล่าวว่า ได้รับความเดือดร้อนมา 4 ปีแล้ว จากที่เคยทำนา ได้ข้าวมาพอเลี้ยงครอบครัว แต่หลังจากโรงงานปล่อยน้ำเสียลงไปในท้องนาของชาวบ้าน ทำให้ชาวบ้าน 20 หลังคาเรือนปลูกข้าวได้ แต่ผลผลิตได้น้อยมาก เพราะข้าวยืนต้นตาย จากที่เคยปลูกข้าวได้ผลผลิตดี ก็ไม่ได้เหมือนเดิม สิ่งมีชีวิตในหนองน้ำ กุ้งหอย ปูปลาก็ตายหมด จึงตัดสินใจ ทำเรื่องร้องเรียนไปยังสำนักนายกรัฐมนตรี ให้รัฐบาลช่วยเหลือชาวนา แต่เรื่องยังเงียบ จึงได้เข้าร้องเรียนกับ สส.พรรคกล้าธรรม ให้เข้ามาช่วยเหลือชาวบ้าน นายเข็ม อายุ 76 ปี ชาวบ้านที่มีที่นาอยู่ติดกับโรงงาน กล่าวว่า ทำนามาตั้งแต่เป็นหนุ่มจนถึงปัจจุบัน ในอดีต ทำนา 15 ไร่ ได้ข้าว 90 กระสอบ แต่พอมีโรงงานสารเคมีเข้ามาอยู่ในพื้นที่ และมีน้ำเสียจากโรงงานไหลลงที่นา ตนก็ยังทำนาตามปกติ แต่ผลผลิตข้าวที่ได้นั้นไม่เหมือนเดิม เพราะดินเสีย เนื่องจากดินรับน้ำเสียจากโรงงาน พอถึงฤดูการทำนาปี ซึ่งจะมีปริมาณน้ำฝนไหลมารวมกัน น้ำเสียจากโรงงานก็ผสมกับน้ำฝน ไหลลงที่นา ดินก็เสีย นาที่ปลูกข้าวก็ได้ข้าวน้อยลงทุกปี บางปีต้องซื้อข้าวกิน จึงรวมตัวกับเพื่อนบ้านมาเดินขบวน เรียกร้องให้หน่วยงานที่เกี่ยวข้อง ปิดโรงงานแห่งนี้ เพราะถ้าไม่ปิด ชาวบ้านก็จะอดตายเพราะทำนา แต่ไม่ได้ข้าวมาเลี้ยงครอบครัวขณะที่นายเอกชัย สืบสารคาม สส.ขอนแก่น เขต 3 พรรคกล้าธรรม กล่าวว่า การลงพื้นที่มาตรวจสอบที่โรงงานดังกล่าวนั้น เป็นการทำงานร่วมกันกับหน่วยงานราชการที่เกี่ยวข้อง ทั้งเจ้าหน้าที่อุตสาหกรรมจังหวัดขอนแก่น สำนักงานทรัพยากรธรรมชาติและสิ่งแวดล้อมจังหวัดขอนแก่น มาตรวจสอบสถานที่จริง ภายในโรงงานแห่งนี้ เพราะชาวบ้านที่มีที่นา อยู่ใกล้กับโรงงาน ประมาณ 20 ครัวเรือน เนื้อที่ประมาณ 50 ไร่ เดือดร้อนอย่างหนักติดต่อกันมาประมาณ 4 ปีแล้ว เพราะทุกคนทำนาในที่นาตัวเอง แต่ได้ผลผลิตน้อย ชาวบ้านร้องเรียนมาตั้งแต่ปี 2564 ร้องไปยังหน่วยงานที่เกี่ยวข้อง แต่ไม่ได้รับการแก้ไขจากการลงพื้นที่ตรวจสอบในครั้งนี้ทราบว่า จุดที่ตั้งโรงงานนั้น เคยเป็นเต็นท์รถมาก่อน ต่อมาได้แบ่งโซนโรงงานเป็นบริษัท ที่จำหน่ายสารเคมีต่างๆ และน้ำเสียจากโรงงานก็ไหลลงสู่ที่นาของชาวบ้าน ซึ่งจากการสอบถามชาวบ้าน และผู้นำชุมชน ต่างก็ยืนยันว่า การตั้งโรงงานแห่งนี้ ผู้เกี่ยวข้องไม่ได้ทำประชาพิจารณ์ และไม่ได้ขอความคิดเห็นของชาวบ้าน ชาวบ้านรู้ตัวว่ามีโรงงานสารเคมีก็เมื่อข้าวที่ปลูกในนาข้าว ยืนต้นตาย เมื่อชาวนามาตรวจสอบจึงรู้ว่ามีโรงงานสารเคมีตั้งอยู่ในจุดนี้ ชาวบ้านได้ร้องเรียน เรียกร้องให้ปรับปรุงแก้ไข ซึ่งทราบว่าทางโรงงาน รับปากว่าจะเยียวยาเงินให้ชาวนา แต่จนถึงขณะนี้ก็ไม่มีการเยียวยาแต่อย่างใดนอกจากนี้ยังได้ทำการตรวจสอบ พบว่า โรงงานมีการเปิดดำเนินกิจการมาหลายปีแล้ว แต่เพิ่งยื่นขอสร้างอาคารโรงงานในปี 2568 ที่ผ่านมา ซึ่งจะได้รับการตรวจสอบต่อไปว่า มีข้อบกพร่องในจุดใด เมื่อเปิดดำเนินการมาหลายปี แต่ทำไมเพิ่งยื่นเรื่องสร้างอาคาร ซึ่งในจุดนี้ เจ้าหน้าที่ในส่วนของราชการมีข้อบกพร่องในจุดใด ยังจะต้องตรวจสอบต่อ“หลังจากรับเรื่องร้องเรียน และร่วมกับหน่วยงานที่เกี่ยวข้องลงพื้นที่ตรวจสอบแล้วนั้น แต่ละหน่วยงานพบข้อบกพร่องในจุดใด เมื่อพบข้อบกพร่องหรือพบความผิดแล้วนั้น หน่วยงานที่รับผิดชอบจะต้องแก้ไข อย่างไร เพราะขณะนี้เข้าสู่ฤดูทำนาปี ที่ชาวบ้านต้องทำนาแล้ว ได้ให้โรงงานมีการแก้ไขอะไรบ้าง ซึ่งถ้าหน่วยงานที่เกี่ยวข้องมาตรวจสอบและแจ้งให้โรงงานปรับปรุงแก้ไขแล้ว ยังเกิดปัญหาเหมือนเดิมก็ควรจะปิดโรงงาน”นายธีระนานนท์ สาระรัตน์ ทนายความทำหน้าที่ตัวแทนบริษัทฯ ให้สัมภาษณ์สื่อมวลชนว่า มาเป็นทนายความให้โรงงานได้ประมาณ 3 ปีที่ผ่านมา ในส่วนความเดือดร้อนของประชาชนชาวบ้าน หนองโกใหม่ ม.17 นั้น ที่ผ่านมา ยอมรับว่ามีการร้องเรียนเกี่ยวกับโรงงาน และทางโรงงานก็ถูกเจ้าหน้าที่จากหน่วยงานที่เกี่ยวข้องมาตรวจสอบตลอด ซึ่งทางโรงงานปฏิบัติตามมาตรฐานโรงงานในทุกขั้นตอน เพื่อให้โรงงานอยู่ร่วมกับชุมชนในส่วนของการร้องเรียนนั้น เมื่อโรงงานทราบเรื่อง ตนในฐานะทนายความได้เป็นตัวแทนบริษัทฯ ลงพื้นที่ไปพบกับชาวบ้าน สอบถามชาวบ้านว่าต้องการอะไร เพราะทางโรงงานจะเยียวยาให้ชาวบ้านที่มีที่นาใกล้โรงงานและทำนาได้ผลผลิตน้อย โดยทางบริษัทขอเยียวยาให้ชาวนาไร่ละ 2,000 บาท จำนวน 21 ครอบครัว พื้นที่นาประมาณ 50 ไร่ ซึ่งการเจรจาพูดคุยก็ผ่านไปด้วยดี แต่ยังไม่ได้จ่ายเงินเยียวยาที่ผ่านมา ชาวนาพร้อมที่จะรับเงินเยียวยา แต่ต่อมาก็มีบุคคลที่ 3 เข้ามาหาชาวบ้าน ชาวบ้านจึงมีความคิดเปลี่ยนไป จนนำมาสู่การร้องเรียนครั้งล่าสุด และก็มี สส.และหน่วยงานที่เกี่ยวข้องมาตรวจสอบในครั้งนี้ ซึ่งทางบริษัทฯก็ไม่หวงห้ามพร้อมให้ทำการตรวจสอบ และถ้าโรงงานมีส่วนใดที่ต้องแก้ไข ปรับปรุงบริษัทฯก็พร้อมดำเนินการตามคำแนะนำของหน่วยงานขอให้ชี้ชัดมา บริษัทฯพร้อมจะดำเนินการปรับปรุงแก้ไขทันที หลังจากคณะของ สส. และเจ้าหน้าที่จากหน่วยงานที่เกี่ยวข้อง เข้าตรวจสอบพื้นที่โดยรอบของโรงงานแล้ว ก็พบว่า คุณภาพโรงงาน ฝุ่น กลิ่น และบ่อบำบัดน้ำเสีย ไม่ได้คุณภาพมาตรฐานตามข้อบังคับโรงงาน นายนเรศ สมบุญ ผอ.สำนักงานทรัพยากรธรรมชาติและสิ่งแวดล้อมจังหวัดขอนแก่น เป็นตัวแทนหน่วยงานราชการ กล่าวสรุปการตรวจสอบบริษัทดังกล่าว ว่า จากข้อร้องเรียนดังกล่าว ได้มีการลงพื้นที่ตรวจสอบร่วมกับหลายหน่วยงาน เบื้องต้นพบว่า ภายในโรงงานยังมีประเด็นที่ต้องตรวจสอบและปรับปรุงหลายด้าน โดยเฉพาะระบบการจัดการน้ำเสีย ซึ่งจากการตรวจสอบด้วยสายตา พบว่าระบบยังไม่เป็นไปตามมาตรฐานเท่าที่ควร และได้มีการตรวจสอบคุณภาพน้ำเพิ่มเติมด้วยนอกจากนี้ ยังพบว่าเรื่องฝุ่นยังไม่มีวิธีการบำบัดที่ชัดเจน เนื่องจากลักษณะโรงงานเป็นแบบเปิดโล่ง ขณะที่ปัญหาเรื่องเสียงก็ยังไม่มีระบบการจัดการที่เหมาะสม โดยจากการลงพื้นที่ในครั้งนี้ เจ้าหน้าที่ได้พูดคุยกับตัวแทนของโรงงาน เนื่องจากเจ้าของโรงงานไม่อยู่ ซึ่งทางอุตสาหกรรมจังหวัดจะให้โรงงานจัดทำรายงานสรุปประเด็นต่าง ๆ ภายใน 7 วัน ครอบคลุมเรื่องคุณภาพด้านสิ่งแวดล้อม ทั้งน้ำ ฝุ่น และเสียง ให้เป็นไปตามมาตรฐานการตั้งโรงงาน ซึ่งมีข้อกำหนดชัดเจนอยู่แล้วในส่วนของสำนักงานทรัพยากรธรรมชาติและสิ่งแวดล้อม จะมีการนำเครื่องมือลงมาตรวจสอบคุณภาพน้ำอีกครั้ง เพื่อวัดค่าต่าง ๆ อย่างชัดเจนว่าอยู่ในระดับใด จากนั้นจะมีการกำหนดมาตรการ และหารือร่วมกับทุกภาคส่วน เพื่อให้ทางโรงงานดำเนินการแก้ไขตามคำแนะนำของเจ้าหน้าที่ หากไม่ดำเนินการแก้ไขให้ได้มาตรฐานภายในระยะเวลาที่กำหนด ก็จะต้องพิจารณาดำเนินการถึงขั้นยึดใบอนุญาตทั้งนี้ จากลักษณะพื้นที่พบว่าโรงงานตั้งอยู่ติดกับชุมชน และมีน้ำซึมออกไปนอกโรงงาน ส่งผลกระทบต่อพื้นที่การเกษตรของชาวบ้านโดยรอบ จนไม่สามารถทำการเกษตรได้มานานหลายปี ดังนั้นทุกส่วนราชการจะต้องร่วมกันแก้ไขปัญหาเหล่านี้ให้กับประชาชนที่ได้รับความเดือดร้อนอย่างจริงจัง เพราะการจัดตั้งโรงงาน นอกจากจะต้องขออนุญาตตามระเบียบแล้ว เรื่องสิ่งแวดล้อมก็ต้องไม่ก่อให้เกิดผลกระทบต่อชุมชนด้วย โดยจะต้องร่วมมือกันทั้งเจ้าของโรงงานและหน่วยงานราชการทุกส่วน เพื่อควบคุมและแก้ไขปัญหาอย่างจริงจังควบคู่กันไป“โรงงานแห่งนี้อาจมีการจัดตั้งมาก่อนในลักษณะโรงงานขนาดเล็ก ก่อนจะขยายกิจการจนเข้าเงื่อนไขตามพระราชบัญญัติโรงงาน และมาขออนุญาตภายหลัง ซึ่งจากข้อมูลพบว่าโรงงานดังกล่าวมีการตั้งมานานประมาณ 4-5 ปีแล้ว แต่ใบอนุญาตมีการออกให้เมื่อประมาณ 2 ปีที่ผ่านมา หลังจากนี้ทางอุตสาหกรรมจังหวัดจะนำเจ้าหน้าที่ผู้เชี่ยวชาญเข้าร่วมตรวจสอบมาตรฐานอีกครั้ง เพื่อให้โรงงานปฏิบัติตามกฎหมายและระเบียบที่เกี่ยวข้อง หากโรงงานยังเพิกเฉย หรือไม่แก้ไขให้เป็นไปตามมาตรฐาน เจ้าหน้าที่ก็จำเป็นต้องดำเนินการยึดใบอนุญาต และสั่งปิดโรงงานตามระเบียบและข้อกฎหมาย ซึ่งไม่ได้เป็นการกลั่นแกล้ง แต่เป็นการดำเนินการเพื่อให้โรงงานสามารถตั้งอยู่ร่วมกับชุมชนได้ โดยไม่สร้างปัญหาและความเดือดร้อนให้กับประชาชนในพื้นที่”",,8859
https://www.thairath.co.th/news/politic/2932597,15 พ.ค. “อนุทิน” เปิดทำเนียบฯ ถก CEO ยักษ์ใหญ่ ผ่านเวที “ผู้ประกอบการพูด รัฐบาลฟัง” Logo Thairath สมาชิก ค้นหา,นายกฯ เปิดทำเนียบรัฐบาลถก CEO ยักษ์ใหญ่ 15 พ.ค.นี้ แลกเปลี่ยนมุมมองเศรษฐกิจไทยเชิงลึก ผ่านเวที “ผู้ประกอบการพูด รัฐบาลฟัง” หวังดึงเอกชนร่วมกำหนดทิศทางประเทศ ยกระดับขีดความสามารถการแข่งขัน วันที่ 13 พฤษภาคม 2569 ผู้สื่อข่าวรายงานว่า ในวันที่ 15 พฤษภาคม เวลา 17.00 น. นายอนุทิน ชาญวีรกูล นายกรัฐมนตรีและรัฐมนตรีว่าการกระทรวงมหาดไทย จะเป็นประธานเปิดเวทีหารือร่วมระหว่างรัฐบาลและภาคเอกชน ภายใต้หัวข้อ “ผู้ประกอบการพูด รัฐบาลฟัง” ณ ตึกภักดีบดินทร์ ทำเนียบรัฐบาล เพื่อเปิดพื้นที่รับฟังความคิดเห็นและข้อเสนอแนะเชิงลึกจากภาคเอกชน ในการพัฒนาขีดความสามารถในการแข่งขันทางเศรษฐกิจของประเทศจากผู้บริหารระดับสูงจากภาคเอกชน 10 กลุ่ม ประกอบด้วย กลุ่มสถาบันหลัก (กกร.) กลุ่มการเงิน กลุ่มเกษตรและอาหาร กลุ่มยานยนต์ กลุ่มพลังงาน กลุ่มก่อสร้างและอสังหาริมทรัพย์ กลุ่มสุขภาพ กลุ่มโรงแรมและท่องเที่ยว กลุ่มค้าปลีกและสินค้าอุปโภคบริโภค และกลุ่มเทคโนโลยี อาทิ สภาหอการค้าแห่งประเทศไทย สภาอุตสาหกรรมแห่งประเทศไทย สมาคมธนาคารไทย สมาพันธ์เอสเอ็มอีไทย กลุ่มบริษัทเครือเจริญโภคภัณฑ์ จำกัด (ซีพี) กลุ่มเครือเบทาโกร บริษัท ไทยเบฟเวอเรจ จำกัด (มหาชน) บริษัท กัลฟ์ ดีเวลลอปเมนท์ จำกัด (มหาชน) บริษัท บางจาก คอร์ปอเรชั่น จำกัด (มหาชน) บริษัท สหพัฒนพิบูล จำกัด (มหาชน) และกลุ่มเซ็นทรัล เป็นต้น สำหรับเวทีดังกล่าว จะมีผู้เข้าร่วมประมาณ 100 คน ประกอบด้วย คณะรัฐมนตรี (ครม.) หัวหน้าส่วนราชการระดับกระทรวงหรือเทียบเท่า ผู้บริหารระดับสูงภาคเอกชน สื่อมวลชน และเจ้าหน้าที่ที่เกี่ยวข้อง ซึ่งถือเป็นครั้งแรกของรัฐบาลของนายอนุทิน โดยมุ่งเน้นการแลกเปลี่ยนความคิดเห็นอย่างสร้างสรรค์ ที่พร้อมเปิดวงสนทนา Open Dialogue เพื่อให้ผู้เข้าร่วมได้แลกเปลี่ยนมุมมองอย่างเสรี ในบรรยากาศที่เปิดกว้าง และส่งเสริมความร่วมมือระหว่างภาครัฐกับภาคธุรกิจ จากนั้นเวลา 19.00 น. นายกรัฐมนตรีจะเป็นเจ้าภาพเลี้ยงอาหารค่ำที่ตึกสันติไมตรี พร้อมกล่าวขอบคุณผู้บริหารระดับสูงภาคเอกชนที่เข้าร่วมแลกเปลี่ยนความคิดเห็นในครั้งนี้ เพื่อร่วมกันผลักดันเศรษฐกิจไทยให้เติบโตอย่างมีศักยภาพและยั่งยืนต่อไป.,,1819
https://www.thairath.co.th/news/politic/2932607,ซัด “มันน่าทุเรศ” ปล่อยมาเฟียฮุบหาดฟรีดอม นายกฯ ลั่นเป็นไปไม่ได้ จนท.รัฐ จะไม่รู้ Logo Thairath สมาชิก ค้นหา,“นายกฯ หนู” ฉะ “มันน่าทุเรศ” ปล่อยมาเฟียฮุบหาดฟรีดอม เป็นไปไม่ได้ที่เจ้าหน้าที่รัฐจะไม่รู้เรื่อง สั่งใช้กฎหมายเด็ดขาดทวงคืนพื้นที่สาธารณะ ย้ำคำสั่งปราบผู้มีอิทธิพลมาตรฐานเดียวกันทั้งประเทศ เมื่อเวลา 19.00 น. วันที่ 13 พฤษภาคม 2569 นายอนุทิน ชาญวีรกูล นายกรัฐมนตรีและรัฐมนตรีว่าการกระทรวงมหาดไทย ให้สัมภาษณ์ระหว่างการลงพื้นที่ตรวจราชการที่หาดฟรีดอม ตำบลป่าตอง อำเภอกะทู้ จังหวัดภูเก็ต ถึงกรณีกลุ่มผู้มีอิทธิพลพยายามยึดครองพื้นที่และขับไล่ประชาชน โดยระบุว่า หากรัฐบาลไม่เร่งเข้ามาจัดการ พื้นที่ดังกล่าวอาจถูกเปลี่ยนเป็นรีสอร์ตหรือโรงแรมส่วนตัว พร้อมประณามการใช้เอกสารสิทธิปลอมหลอกลวงประชาชนว่า “เอา ส.ค. มาขายให้ชาวบ้าน ซึ่ง ส.ค. คือโสโครก สวมสิทธิในเอกสาร เป็นเอกสารปลอม” นายอนุทิน เน้นย้ำว่า พื้นที่ชายหาดถือเป็นสมบัติของชาติที่ต้องเปิดกว้างให้ประชาชนใช้ประโยชน์ร่วมกัน ไม่สามารถยึดเป็นของส่วนตัวได้ พร้อมแสดงความโกรธเคืองต่อพฤติกรรมดังกล่าวโดยระบุว่า “มันน่าทุเรศ” โดยเฉพาะกรณีที่เจ้าหน้าที่รัฐอาจมีส่วนรู้เห็นและให้ความร่วมมือกับกลุ่มนายทุน เนื่องจากมีการก่อสร้างบันไดคอนกรีตกว่า 300 ขั้น ซึ่งเป็นไปไม่ได้ที่เจ้าหน้าที่รัฐจะไม่ทราบเรื่อง และในฐานะผู้อำนวยการรักษาความมั่นคงภายในราชอาณาจักร (ผอ.กอ.รมน.) จะสนธิกำลังปราบปรามอย่างเต็มที่เพื่อหยุดยั้งการกระทำผิดและคืนความเป็นธรรมให้ประชาชน ส่วนกรณีของ “เสี่ยเล็ก” ผู้ต้องหาที่ชิงเข้ามอบตัวไปก่อนหน้านี้ นายอนุทิน กล่าวอย่างอารมณ์ดีว่า “ไม่เป็นไร ก็ไม่อยากเจออยู่แล้ว เจอทำไมล่ะ ซวยตาย ไม่เอา” พร้อมยืนยันว่าจะบังคับใช้กฎหมายอย่างเด็ดขาด สั่งการให้ผู้บุกรุกถอนตัวออกจากพื้นที่ทันที รัฐบาลจะใช้อำนาจตามกฎหมายเข้ารื้อถอนและยึดพื้นที่คืนโดยไม่ต้องรอ พร้อมให้ความมั่นใจว่าเมื่อยึดพื้นที่คืนมาได้แล้วจะไม่มีกลุ่มผู้มีอิทธิพลรายใดกล้าเข้ามากรรโชกทรัพย์อีก ทั้งนี้ ระหว่างการให้สัมภาษณ์ นายอนุทิน ยังพูดหยอกล้อโดยชี้ไปที่ผู้ว่าราชการจังหวัดภูเก็ต พร้อมกล่าวว่า “นี่ไงมาเฟีย น่ากลัวที่สุดในภูเก็ตแล้ว” ขณะเดียวกัน นายอนุทิน ยังได้ชี้แจงเพิ่มเติมถึงสาเหตุที่ไม่ได้ลงพื้นที่หาดฟรีดอม พร้อมกับหาดบางเทา ก่อนหน้านี้ เนื่องจากติดภารกิจเร่งด่วนที่จังหวัดระนอง แต่ยืนยันว่าคำสั่งปราบปรามผู้มีอิทธิพลเป็นมาตรฐานเดียวกันทั่วประเทศ และไม่เคยทอดทิ้งประชาชนที่เดือดร้อน สำหรับความคืบหน้าทางคดี เจ้าหน้าที่ตำรวจคัดค้านการประกันตัวผู้ต้องหาเนื่องจากเป็นผู้มีอิทธิพลที่อาจข่มขู่พยาน ซึ่งสอดคล้องกับเจตนารมณ์ที่ต้องการให้รับโทษหนัก พร้อมเตรียมขยายผลกวาดล้างมาเฟียในพื้นที่อื่นๆ อย่างต่อเนื่อง.,,2217
https://www.thairath.co.th/news/local/northeast/2930061#aWQ9NjJkZjcwNmI5OTJmNmUwMDEyZTY5MjMxJnBvcz0zJnJ1bGU9MCZjb250ZW50X3NpdGU9dGhhaXJhdGgtb25saW5l,"สวนสัตว์โคราช ประกาศชื่อ ""ลูกฮิปโปแคระ"" หลังได้คะแนนโหวตสูงสุดเป็นอันดับหนึ่ง Logo Thairath สมาชิก ค้นหา","""สวนสัตว์นครราชสีมา"" ประกาศชื่อของ ""ลูกฮิปโปแคระ"" เป็นหลานของเจ้า ""หมูเด้ง"" หลังได้คะแนนโหวตสูงสุดเป็นอันดับหนึ่ง เมื่อเวลา 11.00 น. วันที่ 1 พฤษภาคม 2569 สวนสัตว์นครราชสีมา จัดพิธีประกาศผลการตั้งชื่อลูกฮิปโปแคระ สมาชิกใหม่ขวัญใจประชาชนอย่างยิ่งใหญ่ โดยมี นางจงกลณี แก้วสด ผู้อำนวยการองค์การสวนสัตว์แห่งประเทศไทย พร้อมคณะเดินทางมาเป็นประธานในพิธี ซึ่งผลคะแนนอย่างเป็นทางการจากผู้ร่วมสนุกทั่วประเทศรวม 371,509 รายชื่อ ปรากฏว่าชื่อ ""หมูแดง"" ได้รับคะแนนโหวตสูงสุดเป็นอันดับหนึ่ง คว้าตำแหน่งชื่อประจำตัวของซุปตาร์ตัวน้อยไปครอง ทางด้าน นายธนชน เคนสิงห์ ผู้อำนวยการสวนสัตว์นครราชสีมา เผยถึงที่มาความสำเร็จว่า ""น้องหมูแดง"" เป็นผลผลิตจากโครงการอนุรักษ์และขยายพันธุ์ระดับประเทศ ซึ่งเป็นการจับคู่ระหว่าง ""บ่าวขนุน"" พ่อพันธุ์จากสวนสัตว์เชียงใหม่ และ ""เจ๊หมูกรอบ"" แม่พันธุ์จากสวนสัตว์เปิดเขาเขียว ที่ได้ฤกษ์ลงหอเทียบคู่กันตั้งแต่ปลายปี 2567 จนกระทั่งให้กำเนิดทายาทฮิปโปแคระตัวน้อยเมื่อวันที่ 22 มีนาคม 2569 ที่ผ่านมา ถือว่าเป็นลูกฮิปโปแคระตัวแรกที่กำเนิดที่สวนสัตว์นครราชสีมา ขณะที่ เจ้าหมูเด้ง ฮิปโปแคระขวัญใจมหาชนที่สวนสัตว์เขาเขียว จังหวัดชลบุรี มีศักดิ์เป็นน้าของเจ้าหมูแดง ซึ่งหลังจากทีมสัตวแพทย์ตรวจเช็กสุขภาพจนมั่นใจว่าแข็งแรงสมบูรณ์ จึงได้เปิดตัวให้ประชาชนเข้าชมความน่ารักในช่วงสงกรานต์ และเปิดโหวตชื่อจนได้รับกระแสตอบรับล้นหลามเกินความคาดหมาย อย่างไรก็ตาม ความสำเร็จครั้งนี้ถือเป็นก้าวสำคัญด้านการอนุรักษ์สัตว์ป่าขององค์การสวนสัตว์แห่งประเทศไทย ที่สร้างทั้งรอยยิ้มและกระตุ้นการท่องเที่ยวให้คึกคัก โดยสวนสัตว์นครราชสีมาขอขอบคุณทุกพลังใจที่ร่วมส่งชื่อและร่วมลุ้นผลโหวตในครั้งนี้ พร้อมเชิญชวนประชาชนเดินทางมาสัมผัสความน่ารักของ “น้องหมูแดง” ได้ทุกวันที่ส่วนแสดงฮิปโปแคระ สวนสัตว์นครราชสีมา.",,1584
https://www.thairath.co.th/news/politic/2932578,“จุลพันธ์” ยืนยัน เพื่อไทยไม่ส่งผู้สมัครผู้ว่าฯ กทม.-สก. อนุญาตบางรายใช้โลโก้หาเสียง Logo Thairath สมาชิก ค้นหา,“จุลพันธ์” ยืนยัน เพื่อไทยไม่ส่งผู้สมัครผู้ว่าฯ กทม.-สก. ในนามพรรค แต่ไม่ขัดข้องหากบางรายขอใช้โลโก้พรรคหาเสียง พร้อมอนุมัติเป็นรายๆ ไป วันที่ 13 พฤษภาคม 2569 นายจุลพันธ์ อมรวิวัฒน์ รัฐมนตรีว่าการกระทรวงแรงงาน ในฐานะหัวหน้าพรรคเพื่อไทย กล่าวถึงการสู้ศึกเลือกตั้งผู้ว่าราชการกรุงเทพมหานคร 2569 ว่า พรรคเพื่อไทยชัดเจน เพราะความจริงแล้วเราไม่ได้ส่งผู้สมัครผู้ว่าฯ กทม. มาหลายครั้งแล้ว ครั้งนี้ก็เช่นกันที่เราไม่ได้มีมติในการส่งผู้ว่าฯ กทม. ในการแข่งขันครั้งนี้ ส่วนสมาชิกสภากรุงเทพมหานคร (สก.) ก็เช่นกันที่ไม่ได้ส่งผู้สมัครลงในนามพรรค แต่ขอชี้แจงว่า ถึงแม้เราจะประกาศว่าจะไม่ได้ส่งผู้สมัคร หรือบุคลากรของพรรคที่ทำงานกันมาอย่างยาวนาน แต่ยังมีคนรักและศรัทธา มีความเชื่อมั่นในการทำงานในนามของพรรคจำนวนมาก ซึ่งก็มีการส่งคำขอเข้ามาเพื่อขอใช้โลโก้พรรคในนามสมาชิกพรรค ซึ่งกรณีนี้ในฐานะหัวหน้าพรรคก็จะพิจารณาอนุมัติเป็นรายๆ ไป เมื่อมีผู้สมัครบางกลุ่มมีความประสงค์ เราก็มีความยินดี ไม่ได้มีความขัดข้อง แต่ถ้าถามว่าเป็นการส่งทุกเขตหรือไม่ ส่งในนามพรรคหรือไม่ ก็ไม่ใช่ แต่เป็นการลงสมัครของผู้สมัครเองที่อยากทำงานในนามของพรรคต่อไป ซึ่งถือเป็นการลงส่วนตัว เพียงแต่ขออนุญาตพรรคในการใช้โลโก้ นอกจากนี้ นายจุลพันธ์ ยังให้เหตุผลในการไม่ส่งผู้ว่าฯ กทม. ลงสู้เลือกตั้งครั้งนี้ ว่า ที่ประชุมพรรคไม่ได้คุยกันในลักษณะนั้น แต่เราดูเรื่องของความพร้อมและความเหมาะสม ซึ่งเพื่อไทยเป็นพรรคระดับประเทศ และแข่งขันในเวทีการเลือกตั้งใหญ่เป็นหลักมาหลายครั้งแล้ว ซึ่งก็มีการส่งผู้สมัครท้องถิ่นบ้างในบางจังหวัด แต่ในระดับล่างกว่านั้น เช่น เทศบาล ก็ไม่เคยส่งผู้สมัครเป็นทางการ ส่วนผู้สมัครผู้ว่าฯ กทม. ที่ลงในนามอิสระ แต่ขอใช้โลโก้พรรค ขณะนี้ยังไม่มีคำขอมา.,,1517
https://www.thairath.co.th/news/politic/2932602,“อนุทิน” ลุยสางปัญหาหาดฟรีดอมภูเก็ต บอกประชาชนไม่ต้องกลัว ขอโทษที่มาช้า Logo Thairath สมาชิก ค้นหา,“อนุทิน” ลงพื้นที่เอง ลุยสางปัญหาหาดฟรีดอม จ.ภูเก็ต บอกประชาชนไม่ต้องกลัว พร้อมขอโทษที่มาช้าจนทำให้ได้รับผลกระทบจากการถูกผู้มีอิทธิพลรังแก กำชับหน่วยงานที่มีอำนาจหน้าที่เร่งแก้ปัญหาจริงจัง เมื่อเวลา 17.20 น. วันที่ 13 พฤษภาคม 2569 นายอนุทิน ชาญวีรกูล นายกรัฐมนตรีและรัฐมนตรีว่าการกระทรวงมหาดไทย พร้อมคณะ ได้นั่งเฮลิคอปเตอร์จาก จ.สุราษฎร์ธานี เดินทางต่อไปยังบริเวณพื้นที่หาดฟรีดอม (Freedom Beach) ต.กะรน อ.เมือง จ.ภูเก็ต เชื่อมต่อกับพื้นที่ ต.ป่าตอง อ.กะทู้ จ.ภูเก็ต เพื่อติดตามความคืบหน้าการจับกุมและปราบปรามขบวนการบุกรุกพื้นที่ป่าสงวนแห่งชาติบริเวณใกล้หาดฟรีดอม โดยเมื่อมาถึงนายกรัฐมนตรีและคณะ ได้พบปะกับพี่น้องประชาชนที่มารออยู่ที่บริเวณปากทางลงชายหาดฟรีดอม เป็นจำนวนมาก เพื่อแจ้งเรื่องราวและปัญหาต่างๆ ที่ถูกกลุ่มบุคคลใช้อิทธิพลข่มขู่ ขับไล่ ทำร้ายร่างกายให้ออกจากพื้นที่ ซึ่งก่อนหน้านี้ จ.ภูเก็ต ได้เข้าตรวจสอบพื้นที่ตามข้อร้องเรียน พบการบุกรุกพื้นที่ป่าในบริเวณใกล้หาดฟรีดอม ต.กะรน อ.เมือง จ.ภูเก็ต และพื้นที่คาบเกี่ยวกับพื้นที่ ต.ป่าตอง อ.กะทู้ จ.ภูเก็ต โดยเจ้าหน้าที่สามารถตรวจยึด จับกุม และร้องทุกข์กล่าวโทษได้รวม 23 คดี ครอบคลุมพื้นที่กว่า 58 ไร่ มีผู้ถูกจับกุม 17 คน และอยู่ระหว่างติดตามความคืบหน้าทางคดีอย่างใกล้ชิด ล่าสุดเมื่อวันที่ 12 พฤษภาคม 2569 มีผู้ต้องหาเข้ามอบตัวกับพนักงานสอบสวน สภ.กะรน กรณีการบุกรุกพื้นที่บริเวณใกล้หาดฟรีด้อม ต.กะรน อ.เมือง จ.ภูเก็ต อีก 1 ราย จากนั้นนายกรัฐมนตรีและคณะรับฟังบรรยายสรุปจากผู้ช่วยรัฐมนตรีว่าการกระทรวงทรัพยากรธรรมชาติและสิ่งแวดล้อม ป้องกันจังหวัดภูเก็ต ตลอดจนผู้บังคับการตำรวจภูธรจังหวัดภูเก็ต และผู้ว่าราชการจังหวัดภูเก็ต ชี้แจงข้อพิพาทและปัญหาการบุกรุกป่าสงวนแห่งชาติ บริเวณใกล้หาดฟรีดอม รวมทั้งการดำเนินคดีกับผู้ต้องหาที่มีการบุกรุก หลังจากนั้นนายกรัฐมนตรีพูดคุยกับชาวบ้านที่มารอพบ เพื่อแจ้งปัญหาต่างๆ ที่เกิดขึ้นในพื้นที่ดังกล่าว ซึ่งบรรยากาศเต็มไปด้วยรอยยิ้มและเป็นการพูดคุยแบบกันเองระหว่างนายกรัฐมนตรีกับกลุ่มชาวบ้านที่มาแจ้งปัญหาต่างๆ โดยนายกรัฐมนตรีได้กล่าวขอโทษที่มาช้า เป็นความผิดของตนที่เข้ามาพบพี่น้องประชาชนล่าช้า วันนี้มารับฟังปัญหาต่างๆ ด้วยตนเอง จากนี้ไปทุกคนไม่ต้องเป็นห่วง ทุกอย่างจะต้องเรียบร้อย สำหรับการลงพื้นที่ของนายกรัฐมนตรีในครั้งนี้ เพื่อรับฟังปัญหาและรายงานสถานการณ์จากหน่วยงานที่เกี่ยวข้อง พร้อมกำหนดทิศทางการบริหารจัดการหาดฟรีดอม ต.กะรน อ.เมือง จ.ภูเก็ต อย่างเป็นระบบ โดยเน้นการบูรณาการทุกภาคส่วนในการดำเนินคดีกับผู้กระทำผิด ควบคู่กับการคุ้มครองสิทธิของประชาชน และสร้างความเชื่อมั่นด้านความปลอดภัย เพื่อให้นักท่องเที่ยวสามารถเดินทางมาใช้บริการชายหาดได้อย่างสะดวกและอุ่นใจ ต่อมา นายกรัฐมนตรี กล่าวว่า คดีบุกรุกพื้นที่สาธารณะบริเวณหาดฟรีดอม ได้ดำเนินการสืบสวนสอบสวนแล้วเสร็จ และสามารถจับกุมผู้ต้องหาได้ตั้งแต่เมื่อวันที่ 12 พฤษภาคมที่ผ่านมา พร้อมระบุว่า ประชาชนไม่จำเป็นต้องมาขอความเมตตาจากตนเอง และได้แสดงความเสียใจ ขออภัยที่ลงพื้นที่ล่าช้าจนทำให้ได้รับผลกระทบจากการถูกผู้มีอิทธิพลรังแก ยืนยันว่าได้กำชับหน่วยงานที่มีอำนาจหน้าที่ให้เร่งแก้ไขปัญหาอย่างจริงจัง และเฝ้าระวังไม่ให้เกิดผลกระทบในอนาคต ควบคู่กับการมอบหมายให้หน่วยงานที่เกี่ยวข้องรวบรวมข้อมูลเพื่อวางแผนบริหารจัดการและกำหนดแนวทางการใช้ประโยชน์พื้นที่หาดฟรีดอมในระยะต่อไปอย่างเหมาะสมและเป็นธรรม.,,2934
https://www.thairath.co.th/news/local/central/2932577,"อดีตผู้บริหารค่ายมือถือ เข้าพบตำรวจปม ""ชนแล้วหนี"" ยืนยันไม่ได้ ""เมาแล้วขับ"" Logo Thairath สมาชิก ค้นหา","""อดีตผู้บริหารค่ายมือถือดัง"" เข้าพบตำรวจ สน.ลาดพร้าว ปมชนแล้วหนี ยืนยันไม่ได้เมาแล้วขับ พร้อมแจงสาเหตุที่ต้องขับรถออกจากที่เกิดเหตุ เมื่อเวลา 14.00 น. วันที่ 13 พฤษภาคม 2569 นายสหรัฐส์ อายุ 55 ปี อดีตผู้บริหารระดับสูงค่ายมือถือดัง พร้อมทนายความ เดินทางมาเข้าพบ พ.ต.ต.เอกพจน์ มณี สว.(สอบสวน) สน.ลาดพร้าว เพื่อรับทราบข้อกล่าวหา กรณีที่ นายเอกลักษณ์ พ่อค้าออนไลน์ผู้เสียหาย ได้นำหลักฐานคลิปวิดีโอเข้าร้องเรียน เพจสายไหมต้องรอด ว่าถูกคู่กรณีขับรถชนท้าย และมีพฤติกรรมคล้ายคนเมาท้าต่อย ก่อนขับรถหลบหนีออกจากจุดเกิดเหตุ และไม่ยอมเป่าแอลกอฮอล์ โดยเหตุเกิดบริเวณถนนนวมินทร์ แขวงนวมินทร์ เขตบึงกุ่ม กทม. เมื่อเวลา 21.00 น. วันที่ 7 มกราคม 2569 ที่ผ่านมา พ.ต.ท.นุสรณ์ กฤติยะโชติ รอง ผกก. (สอบสวน) ในฐานะหัวหน้าพนักงานสอบสวน สน.ลาดพร้าว เผยว่า ในวันนี้เป็นการเชิญให้ฝ่ายคนชนมารับทราบข้อหาในความผิดฐานขับรถโดยประมาท เป็นเหตุให้ทรัพย์สินเสียหายและข้อหาชนแล้วหนี ซึ่งเป็นการเรียกมาแจ้งข้อกล่าวหา หลังจากที่ผ่านมาได้นัดหมายให้คู่กรณีทั้งสองฝ่ายมาพูดคุยไกล่เกลี่ยหลายครั้ง โดยเรียกเจรจาครั้งแรกวันที่ 27 มีนาคม แต่ไม่สำเร็จ เพราะต่างฝ่ายต่างผิดนัด รวมทั้งบางนัดก็คุยกันไม่รู้เรื่อง ทำให้คดีเกิดความล่าช้า ส่วนที่มีการเชิญให้มาแจ้งข้อกล่าวหาในวันนี้ เป็นการนัดหมายเอาไว้ตั้งนานแล้ว เพียงแต่ว่าบังเอิญมาเป็นประเด็นข่าวเมื่อวานนี้ หลังจากที่ผู้เสียหายได้ไปร้องเพจสายไหมต้องรอด สำหรับประเด็นที่คนชนอ้างว่าไปผิดสถานีตำรวจถึง 3 วัน ก่อนค่อยมาที่ สน.ลาดพร้าว นั้น เบื้องต้นฝ่ายคนชนอ้างว่าไม่มีเจตนาจะหลบหนี เพียงแต่ว่าเช้าวันรุ่งขึ้นหลังเกิดเหตุ ได้เดินทางไปที่ สน.โคกคราม ซึ่งเป็นการเข้าใจผิดและไปผิดท้องที่ แล้วหลังจากนั้นอีก 3 วันต่อมาถึงค่อยมารายงานตัวกับพนักงานสอบสวน สน.ลาดพร้าว เพราะมารู้ทีหลังว่าเป็นท้องที่ที่เกิดเหตุ อย่างไรก็ตาม ในประเด็นที่ปรากฏในคลิปต้องสงสัยว่าคนชนนั้นเมาแล้วขับหรือไม่นั้น ยอมรับว่าผ่านมาแล้วหลายเดือน ไม่สามารถที่จะตรวจวัดปริมาณแอลกอฮอล์ในร่างกายได้แล้ว ซึ่งการแจ้งข้อกล่าวหาเมาแล้วขับนั้น ต้องมีพยานหลักฐานทางวิทยาศาสตร์ คือ ปริมาณแอลกอฮอล์ในร่างกายประกอบสำนวน ซึ่งไม่มีหลักฐานส่วนนี้ ก็ไม่สามารถแจ้งข้อกล่าวหาเมาแล้วขับได้ แต่จากพฤติการณ์ที่ชนแล้วหนี ซึ่งมีโทษจำคุกไม่เกิน 3 เดือน ปรับไม่เกิน 2,000-10,000 บาท หรือทั้งจำทั้งปรับ ก็สามารถมาเอาผิดกับคนชนได้เช่นกัน ทั้งนี้ไม่อาจทราบเจตนาในใจของฝั่งคนชนได้ว่าที่หายไป 3 วัน เพื่อหลบเลี่ยงการตรวจวัดปริมาณแอลกอฮอล์ในร่างกายหรือไม่ แต่ผิดในข้อหาชนแล้วหนีอยู่แล้ว ส่วนคดีทำร้ายร่างกายนั้น เป็นคดีที่ฝั่งคนชนได้แจ้งความกลับฝั่งผู้ถูกชน ว่ามีการทำร้ายร่างกาย ซึ่งฝั่งคนชนอ้างว่ามีพยานหลักฐานเป็นกล้องหน้ารถของตัวเองและคลิปวิดีโอของคนถูกชน รวมทั้งได้นำพยานหลักฐานเป็นใบรับรองแพทย์จากโรงพยาบาลที่ตรวจร่างกายหลังเกิดเหตุมายืนยันกับพนักงานสอบสวน ตามขั้นตอนทางกฎหมายแล้ว ใบรับรองแพทย์จากโรงพยาบาลเป็นเพียงแค่ประกอบการรักษาเพื่อลาหยุดงาน ไม่สามารถนำมาใช้ประกอบสำนวนคดีการทำร้ายร่างกายได้ ต้องเป็นใบรับรองแพทย์จากแพทย์นิติเวชเท่านั้น ดังนั้น ฝ่ายคนชนจะต้องไปตรวจร่างกายกับแพทย์นิติเวช เพื่อให้ได้ใบรับรองแพทย์มาเป็นพยานหลักฐานในการดำเนินคดีข้อหาทำร้ายร่างกาย เบื้องต้นจึงยังไม่มีการแจ้งข้อกล่าวหาฝั่งคนถูกชนในเรื่องทำร้ายร่างกาย แม้ว่าเวลาจะผ่านไปแล้วหลายเดือน ทางแพทย์นิติเวชก็สามารถนำข้อมูลการรักษาจากเวชระเบียนของแพทย์ผู้ทำการรักษาคนชน มาพิเคราะห์และออกใบรับรองแพทย์นิติเวชให้ได้ สำหรับประเด็นที่ผู้ถูกชนเรียกค่าเสียหายเป็นจำนวน 170,000 บาทนั้น ตรงนี้เป็นประเด็นทางแพ่ง ซึ่งขึ้นอยู่กับคู่กรณีจะเรียกค่าเสียหายและประเมินจากความเสียหายที่เกิดขึ้นจริง หากเจรจากันไม่เป็นผล ก็ค่อยดำเนินการขึ้นศาลแพ่งต่อไป ส่วนที่ฝั่งคนถูกชนติดใจการทำงานของเจ้าหน้าที่ตำรวจที่พูดชี้นำการเจรจานั้น การเจรจาไม่เคยมีการชี้ช่องแต่อย่างใด เพียงแต่อธิบายให้คนถูกชนเข้าใจว่า ถ้าฝั่งคนชนได้มาพบกับตำรวจในคืนนั้นหรือมาแจ้งว่าไปขับรถชนคนอื่นมา ก็จะไม่ผิดเรื่องชนแล้วหนี แต่ในเมื่อไม่มาพบตำรวจในคืนนั้น ก็จะมีความผิดฐานชนแล้วหนี มีอัตราโทษจำคุกไม่เกิน 3 เดือนปรับไม่เกิน 10,000 บาท หรือทั้งจำทั้งปรับ ขณะเดียวกัน ทางตำรวจก็ไม่ได้มีการลำเอียงหรือเข้าข้างฝั่งใดฝั่งหนึ่ง โดยเฉพาะที่สงสัยว่าจะเข้าข้างฝั่งคนชนที่เป็นอดีตผู้บริหารค่ายมือถือหรือไม่ แล้วก็เป็นฝั่งคนชนที่ไม่ได้มาตามนัดด้วย จนต้องออกหมายเรียก จึงยืนยันว่าคดีนี้ไม่มีการช่วยเหลือทางคดีกับใครแต่อย่างใด พร้อมให้ความเป็นธรรมกันทุกฝ่าย พร้อมยืนยันว่าฝั่งคนชนไม่ได้เป็นเพื่อนกับสารวัตร สน.ลาดพร้าว ตามที่ฝ่ายถูกชนเข้าใจ ซึ่งได้มีการสอบถามสารวัตรนายดังกล่าวแล้ว ยืนยันว่าไม่รู้จักเป็นการส่วนตัว แต่อาจจะเป็นการเข้าใจผิดจากการที่สารวัตรนายนี้มักจะยิ้มแย้มเวลาพูดคุยกับทุกคน ซึ่งถือเป็นเรื่องปกติของข้าราชการตำรวจที่มีอัธยาศัยดีกับประชาชน ล่าสุด เมื่อเวลา 16.00 น. นายสหรัฐส์ ได้ให้สัมภาษณ์หลังเข้าพบพนักงานสอบสวนกว่า 2 ชั่วโมงว่า คดีนี้เป็นคดีจราจร สามารถเจรจาไกล่เกลี่ย ประนีประนอมกันได้ แต่ที่ผ่านมาฝั่งคู่กรณีไม่ไกล่เกลี่ยด้วย จึงจำเป็นต้องให้เป็นไปตามกระบวนการของกฎหมาย ส่วนคดีทำร้ายร่างกายซึ่งเป็นคดีอาญาก็ต้องว่ากันไป พร้อมยืนยันหลังเกิดเหตุไปผิด สน.จริง จึงไม่สามารถลงบันทึกประจำวันได้ แม้วันนี้จะแจ้งความดำเนินคดีอาญา ข้อหาทำร้ายร่างกายไปแล้ว ก็ยังเปิดโอกาสให้คู่กรณีเข้ามาเจรจา ยืนยันว่าในวันเกิดเหตุตนไม่ได้ดื่มเครื่องดื่มแอลกอฮอล์ จึงไม่ได้เมาแล้วขับ ส่วนที่ต้องขับรถออกจากที่เกิดเหตุ เนื่องจากสถานการณ์ไม่ค่อยดี มีคนเยอะหวั่นไม่ปลอดภัย.",,4818
